推: 7,噓: 0,分數: 7,作者: twfi75 (小揚揚),標題: [問卦] 台灣有新創大騙局類似的案例嗎,時間: Sun Jul  3 10:42:27 2022
推: 66,噓: 8,分數: 58,作者: kimura0701 (一天要喝3千cc的水),標題: [問卦] 田馥甄剛剛在開黃腔嗎,時間: Sat Jul  2 23:46:46 2022
推: 20,噓: 4,分數: 16,作者: McKen (小鮮肉),標題: [問卦] 金曲獎的歌一首都沒聽過該怎麼辦,時間: Sat Jul  2 23:44:30 2022
推: 6,噓: 4,分數: 2,作者: kll95 (Halflife),標題: [問卦] 牙縫蛀是威力最強的蛀牙嗎,時間: Sun Jul  3 03:36:17 2022
推: 27,噓: 0,分數: 27,作者: zkowntu (冰楓冷雁),標題: Re: [問卦] 認真問金曲26是不是歷屆最大咖？(發$),時間: Sat Jul  2 23:32:00 2022
推: 1,噓: 10,分數: -9,作者: Lex4193 (3+1?),標題: Re: [問卦] 這波股市殺盤，逼一堆人賣房補融資斷頭,時間: Sun Jul  3 08:30:36 2022
推: 7,噓: 2,分數: 5,作者: gishileh (三結義市xx局長下台!),標題: [問卦] 未來直接人造人 能否一次解決所有問題?,時間: Sun Jul  3 11:30:47 2022
推: 2,噓: 2,分數: 0,作者: yangyy2 (Ian),標題: [問卦] 有辦法開一家所有飲料店熱賣品的店嗎,時間: Sun Jul  3 08:59:10 2022
推: 6,噓: 8,分數: -2,作者: ppp123 (3p哥),標題: [問卦] 八年級比七年級優秀許多的八卦？,時間: Sun Jul  3 08:42:42 2022
推: 5,噓: 6,分數: -1,作者: KINMENKING (亂世狂刀),標題: Re: [問卦] 台積電大爆跌 高雄廠還需要蓋嗎?,時間: Sat Jul  2 23:22:08 2022
推: 5,噓: 0,分數: 5,作者: matsui1007 (一願夢成真),標題: Re: [新聞] 石斑魚潘孟安轟中央 蘇貞昌：一起努力才,時間: Sun Jul  3 11:10:00 2022
推: 6,噓: 1,分數: 5,作者: manhaspen (男人有筆),標題: [問卦] 最萬用的口號是什麼？,時間: Sat Jul  2 23:23:11 2022
推: 6,噓: 1,分數: 5,作者: orze04 (orz),標題: [問卦] 全家的長榮聯名商品誰在買的?,時間: Sun Jul  3 07:39:53 2022
推: 32,噓: 5,分數: 27,作者: PPPa (3P),標題: [問卦] 台中的薪資中位數怎那麼低？,時間: Sun Jul  3 09:34:30 2022
推: 16,噓: 1,分數: 15,作者: cutiehoneyzu (McHilo),標題: [問卦] 在日本住飯店真的很容易撞鬼嗎？？,時間: Sat Jul  2 23:08:24 2022
推: 4,噓: 1,分數: 3,作者: KennethC (Smith),標題: Re: [問卦] 租屋到老然後買房的壞處？,時間: Sun Jul  3 00:53:05 2022
推: 14,噓: 11,分數: 3,作者: realtw (realtw良心說 不比臺灣女),標題: Re: [新聞] 不爽小S具俊曄洗版熱搜 中國小粉紅飆罵：,時間: Sun Jul  3 09:03:42 2022
推: 13,噓: 4,分數: 9,作者: hoyumi (正版型男...無誤!!!),標題: [新聞] 陳其邁Po圖讓大家猜猜要去哪裡? 網友歪,時間: Sun Jul  3 00:09:06 2022
推: 13,噓: 2,分數: 11,作者: deathbead (小艾),標題: [問卦] 被酒駕撞死的法官,時間: Sun Jul  3 09:57:20 2022
推: 6,噓: 0,分數: 6,作者: eddy12357 (撾撾),標題: [問卦] 球隊的前2大王牌同時轉隊怎麼辦？,時間: Sun Jul  3 05:46:13 2022
推: 2,噓: 1,分數: 1,作者: qq0101889 (Morning9487),標題: [問卦] 為啥馬念先會被叫做馬尿ㄚ？,時間: Sun Jul  3 00:24:44 2022
推: 4,噓: 3,分數: 1,作者: aabbcc520 (U質文),標題: [問卦] 我媽打電話來問我股票賠錢有錢吃飯嗎,時間: Sun Jul  3 09:56:21 2022
推: 25,噓: 2,分數: 23,作者: danielwangdd (迪克),標題: [問卦] 欸欸欸騎機車去宜蘭走哪條路好,時間: Sun Jul  3 03:04:45 2022
推: 2,噓: 1,分數: 1,作者: xzcb2008 (可愛老娘變態貓貓=.=),標題: Re: [新聞] 愛莉莎莎又買房！3年繳完「近8百萬房貸」,時間: Sun Jul  3 10:09:12 2022
推: 23,噓: 3,分數: 20,作者: pinkowa (pinkowa),標題: [問卦] 前端、後端、運維 這三個會想學哪一個?,時間: Sun Jul  3 08:48:02 2022
推: 213,噓: 83,分數: 130,作者: lovea (lovea),標題: [問卦] 香港本來就中國的，那當初在撐三小www,時間: Sun Jul  3 10:10:26 2022
推: 2,噓: 1,分數: 1,作者: micheal59 (Pohan),標題: [問卦] 現在還有在使用吹箭嗎？,時間: Sat Jul  2 23:46:52 2022
推: 3,噓: 0,分數: 3,作者: mimistar (mimistar),標題: [問卦] 鼻咽拭子有在賣嗎,時間: Sun Jul  3 01:42:34 2022
推: 2,噓: 0,分數: 2,作者: SSZZ77 (甲殼類過敏),標題: [問卦] 天氣熱是吃油膩還是清爽？,時間: Sun Jul  3 02:10:27 2022
推: 7,噓: 0,分數: 7,作者: Emerson158 (紅豆 X 八嘎 X 烏魯賽),"標題: [問卦] 吃乾麵類泡麵,會把水瀝乾嗎?",時間: Sun Jul  3 02:22:51 2022
推: 1,噓: 0,分數: 1,作者: ralfeistein (無名的ㄈㄓ王),標題: [新聞] 影／20顆造型球噴焰起飛 遊客熬夜佔位看,時間: Sat Jul  2 23:57:36 2022
推: 9,噓: 3,分數: 6,作者: cj4385283 (Linhi),標題: [問卦] 狗如果沒臭味是不是屌打貓,時間: Sun Jul  3 11:01:31 2022
推: 7,噓: 4,分數: 3,作者: Chungptt (酷賈),標題: ,時間: 
推: 1,噓: 0,分數: 1,作者: leoamyp4 (leoamyp4),標題: Re: [問卦] 克倫威爾走錯哪步,時間: Sun Jul  3 03:07:18 2022
推: 19,噓: 2,分數: 17,作者: remora (remora),標題: Re: [新聞] 斯里蘭卡是中國「債務陷阱」的受害者？,時間: Sun Jul  3 10:30:58 2022
推: 1,噓: 2,分數: -1,作者: devidevi (凱特),標題: Re: [問卦] 哇 有人保證每天要完工104戶社會住宅啦  ,時間: Sat Jul  2 23:13:21 2022
推: 5,噓: 0,分數: 5,作者: Hanedas (),標題: [問卦] 三金裡面是不是只剩金曲會有中國人？,時間: Sat Jul  2 23:45:40 2022
推: 6,噓: 1,分數: 5,作者: ha3810996 (微八嘎囧),標題: [新聞] 蜜蜂壞壞房子蓋在這 網友笑噴「偉人變成,時間: Sat Jul  2 23:47:18 2022
推: 10,噓: 3,分數: 7,作者: kerkerson (高處不勝寒),標題: [問卦] 滴妹會羨慕ELVA蕭亞軒嗎???,時間: Sat Jul  2 23:23:01 2022
推: 2,噓: 0,分數: 2,作者: johanLarson (Rent),標題: Re: [問卦] 青創貸款倒閉潮？,時間: Sun Jul  3 00:15:55 2022
推: 2,噓: 2,分數: 0,作者: bbsids (迷上這樣的味道),標題: Re: [問卦] 各位有聽完任何一張去年發的專輯嗎,時間: Sun Jul  3 11:09:01 2022
推: 3,噓: 1,分數: 2,作者: amertazer (唉~~沒他色),標題: Re: [問卦] 中國人為什麼要自己蓋艾菲爾鐵塔?,時間: Sat Jul  2 23:49:59 2022
推: 486,噓: 96,分數: 390,作者: monine (),標題: [新聞] 不會用藍芽！師大教授千字文控店員態度差,時間: Sun Jul  3 08:31:06 2022
推: 0,噓: 0,分數: 0,作者: Kashionz (空阿哭啊Peko),標題: Re: [問卦] 推特上的妹子抖內真的能約嗎,時間: Sun Jul  3 03:43:54 2022
推: 5,噓: 0,分數: 5,作者: lienchi (...),標題: [問卦] 為什麼有人怕手機基地台大過陽光？,時間: Sun Jul  3 09:50:32 2022
推: 54,噓: 5,分數: 49,作者: leocean9816 (阿光),標題: [新聞] 陸三大航空訂購292架空巴 波音：令人失望,時間: Sun Jul  3 00:27:48 2022
推: 0,噓: 0,分數: 0,作者: o523874 (就買一個感覺),標題: Re: [問卦] 猴痘跟他的產地會是健身房嗎？,時間: Sun Jul  3 11:22:13 2022
推: 7,噓: 3,分數: 4,作者: TomFord5566 (湯福56),標題: [問卦] 歐洲人會羨慕美國那麼強嗎？,時間: Sun Jul  3 11:13:17 2022
推: 5,噓: 0,分數: 5,作者: rikey0214 (0.0),標題: [問卦] 手機扔在床上睡著會怎樣？,時間: Sun Jul  3 11:03:35 2022
推: 33,噓: 2,分數: 31,作者: HDSM (Love Not Change  O'_'O),標題: [問卦] 看過『機械女神』的幾歲了阿？,時間: Sun Jul  3 00:59:06 2022
推: 6,噓: 2,分數: 4,作者: whiteadam (blue eyes blue),標題: [問卦] 溫嵐跟elva誰有整形過??,時間: Sun Jul  3 01:55:13 2022
推: 1,噓: 1,分數: 0,作者: tok892xt7 (優質廢文),標題: [問卦] 我聽聞 妳始終一個人？,時間: Sat Jul  2 23:08:53 2022
推: 1,噓: 0,分數: 1,作者: HDSM (Love Not Change  O'_'O),標題: [問卦] 今天 又是雨時多雲偶陣晴,時間: Sun Jul  3 00:50:42 2022
推: 10,噓: 3,分數: 7,作者: Lime5566 (萊姆56),標題: [問卦] 以前人會把音樂放到光碟裡面來聽?,時間: Sat Jul  2 23:25:03 2022
推: 1,噓: 0,分數: 1,作者: sam810626 (Sam),標題: [問卦] 大家有沒有要報考今年的國營聯招啊?,時間: Sat Jul  2 23:09:08 2022
推: 7,噓: 3,分數: 4,作者: fcugeo (fcugeo1746),標題: [問卦] 今天金曲獎得獎的專輯你買了幾張？,時間: Sun Jul  3 00:17:18 2022
推: 0,噓: 4,分數: -4,作者: emperor (派蘿派蘿得第一),標題: [問卦] 喜歡的女生變女王會不會後悔沒把她?,時間: Sat Jul  2 23:52:03 2022
推: 7,噓: 0,分數: 7,作者: jerome2010 (636237),標題: [問卦] 有什麼辦法可以休假唸書準備國考,時間: Sun Jul  3 08:24:56 2022
推: 11,噓: 2,分數: 9,作者: sodistrues (true),標題: [問卦] 日本男優小栗旬為什麼能紅那麼久？,時間: Sun Jul  3 08:22:22 2022
推: 242,噓: 13,分數: 229,作者: neo19 ((づ′・ω・）づ),標題: [問卦] 蕭亞軒的鼻子怎摸了,時間: Sat Jul  2 23:17:33 2022
推: 7,噓: 0,分數: 7,作者: kuangjc5566 (匡匡56),標題: [問卦] 有沒有崔健 假行僧這首歌的八卦,時間: Sat Jul  2 23:58:40 2022
推: 4,噓: 0,分數: 4,作者: lienchi (...),標題: [問卦] 手機真的不能放口袋嗎,時間: Sun Jul  3 00:02:28 2022
推: 11,噓: 0,分數: 11,作者: jonjes (HONOKA),標題: [問卦] 怎麼久坐電影院的椅子,時間: Sun Jul  3 05:31:03 2022
推: 8,噓: 3,分數: 5,作者: fickleness (小舞揭),標題: [問卦] 我的NETFLIX現在 不能看，你的能看嗎？,時間: Sun Jul  3 09:47:21 2022
推: 2,噓: 2,分數: 0,作者: wuyiulin (龍破壞劍士巴斯達_客家人),標題: [問卦] 生活的價值總是來自於充滿挫折的經歷？,時間: Sun Jul  3 02:15:04 2022
推: 7,噓: 1,分數: 6,作者: AlainDelon (無心睡眠),標題: Re: [問卦] 金曲獎是不是小眾化了?,時間: Sun Jul  3 03:03:31 2022
推: 5,噓: 0,分數: 5,作者: gyGirl (妹),標題: Re: [新聞] 長髮辣妹打新冠疫苗狂掉髮！「電扇都不,時間: Sun Jul  3 09:58:58 2022
推: 2,噓: 0,分數: 2,作者: freddy60907 (happysexyday),標題: [問卦] 萬葉可莉 都幾,時間: Sat Jul  2 23:11:33 2022
推: 5,噓: 6,分數: -1,作者: x941u4vu86 (x94),標題: [問卦] 滴妹何時要回台灣？,時間: Sun Jul  3 09:48:21 2022
推: 3,噓: 0,分數: 3,作者: KevinLow (廢文漏),標題: [問卦] 灰,時間: Sat Jul  2 23:13:56 2022
推: 1,噓: 3,分數: -2,作者: tok892xt7 (優質廢文),標題: [問卦] 發現自己的歌單一堆抖音歌怎麼辦,時間: Sat Jul  2 23:46:57 2022
推: 2,噓: 2,分數: 0,作者: zzzz8931 (宅男),標題: [新聞] 「悲憤的七一」 港人在紐約時代廣場抗議,時間: Sun Jul  3 00:09:09 2022
推: 42,噓: 5,分數: 37,作者: sushi11 (偶像可以亂摸嗎peko),標題: [問卦] 對岸脫口秀明明不好笑，為什麼要假笑？,時間: Sun Jul  3 09:15:39 2022
推: 3,噓: 9,分數: -6,作者: todao (心裡有數),標題: Re: [問卦] 有沒有越南的喃文的八卦？,時間: Sun Jul  3 01:18:07 2022
推: 16,噓: 1,分數: 15,作者: Kakehiko (用localizer晾衣服),標題: [問卦] 先秦時代的姓氏名,時間: Sun Jul  3 07:42:23 2022
推: 2,噓: 1,分數: 1,作者: Su22 (裝配匠),標題: [新聞] 騰訊與字節跳動再裁員 上海穩就業措施遭,時間: Sat Jul  2 23:57:07 2022
推: 5,噓: 1,分數: 4,作者: sky0302 (free),標題: Re: [問卦] 戴資穎下圍棋 VS 黑嘉嘉打羽球,時間: Sun Jul  3 01:31:15 2022
推: 18,噓: 5,分數: 13,作者: onesweetday (onesweetday),標題: [問卦] 蔡健雅到底多會唱歌？,時間: Sun Jul  3 00:29:53 2022
推: 10,噓: 1,分數: 9,作者: eddie5689 (),標題: [問卦] 張惠妹是不是蓄勢待發了？,時間: Sat Jul  2 23:25:16 2022
推: 2,噓: 0,分數: 2,作者: hyperdunk (別鞭我),標題: [問卦] 選一首金曲獎歌曲去參加葛萊美？,時間: Sun Jul  3 09:56:44 2022
推: 25,噓: 4,分數: 21,作者: seand8088503 (あいうえお),標題: [問卦] 八卦板最推的入門紅酒是哪支？,時間: Sun Jul  3 11:47:38 2022
推: 14,噓: 0,分數: 14,作者: rockman1118 (玉骨冰心沐流塵),標題: Re: [問卦] 林宥嘉娶到丁文琪，是不是賺到,時間: Sun Jul  3 00:56:54 2022
推: 8,噓: 5,分數: 3,作者: ccyaztfe (1357924680),標題: [問卦] 對面六費挑戰者，七費爆爆，八費佛丁？,時間: Sun Jul  3 08:38:28 2022
推: 3,噓: 1,分數: 2,作者: oz5566 (阿萊克修斯),標題: Re: [問卦] 明年應該辦金曲抖音獎才對？,時間: Sun Jul  3 09:17:07 2022
推: 4,噓: 4,分數: 0,作者: JiaTai (J.T.),標題: [問卦] 哪一年才不是最糟的一年？,時間: Sun Jul  3 08:25:15 2022
推: 15,噓: 1,分數: 14,作者: Sylph (炁+盆滿缽滿),標題: [問卦] 台灣人有發現英文資訊的品質比中文高嗎？,時間: Sun Jul  3 11:52:24 2022
推: 5,噓: 4,分數: 1,作者: P00832129 (微妙),標題: Re: [新聞] 「94 要上國道」遍地開花！重機闖國道畫,時間: Sun Jul  3 09:25:04 2022
推: 47,噓: 19,分數: 28,作者: words2012 (づ′・ω・),"標題: [問卦] 崔健為什麼拿最佳男歌手,根本沒聽過",時間: Sun Jul  3 02:44:05 2022
推: 4,噓: 0,分數: 4,作者: chinaeatshit (我愛台灣！中國吃屎！！),標題: Re: [新聞] 27年沒請過假！公司送他原子筆、杯子 網,時間: Sun Jul  3 11:23:55 2022
推: 9,噓: 2,分數: 7,作者: Hsins (迅雷不及掩耳盜鈴),標題: [問卦] 燒香燒了兩短一長？,時間: Sun Jul  3 00:24:23 2022
推: 11,噓: 0,分數: 11,作者: Tosca ( ),標題: [問卦] 紅白機Top Gun有人成功降落航母過嗎?????,時間: Sun Jul  3 10:51:36 2022
推: 2,噓: 4,分數: -2,作者: ashow (修~(￣▽￣)~(＿△＿)~),標題: [問卦] 讀進化論 我贊成達爾文?,時間: Sun Jul  3 00:25:57 2022
推: 10,噓: 14,分數: -4,作者: realtw (realtw良心說 不比臺灣女),標題: [問卦] 崔健是臺灣金曲獎強行幫他報名嗎？,時間: Sun Jul  3 09:40:45 2022
推: 5,噓: 0,分數: 5,作者: rdu20159 (RDU),標題: [問卦] 鴿子的國旗,時間: Sun Jul  3 10:49:50 2022
推: 7,噓: 0,分數: 7,作者: kotori0723 (百發get),標題: [問卦] 中國颱風天還出工程船蓋風電,時間: Sun Jul  3 07:45:06 2022
推: 0,噓: 0,分數: 0,作者: ptt987654321 (大谷躺平),標題: Re: [問卦] 直腸科醫師怎沒衛教宣導別肛交傷害肛門？,時間: Sun Jul  3 11:44:11 2022
推: 11,噓: 5,分數: 6,作者: oz5566 (阿萊克修斯),標題: [問卦] 假如重機可以上國道 但是要簽生死狀,時間: Sun Jul  3 10:32:05 2022
推: 11,噓: 1,分數: 10,作者: s910 (s910),標題: [問卦] Acut跟教父誰才是牛排界王者?,時間: Sat Jul  2 23:51:29 2022
推: 1,噓: 0,分數: 1,作者: Sevorlaga (【斯佛拉加】。),標題: Re: [問卦] 現在的新歌手誰有實力可以辦萬人演唱會？,時間: Sun Jul  3 08:55:10 2022
推: 13,噓: 0,分數: 13,作者: ZengMaktub (YOYOMAK),標題: [問卦] 只有周杰倫能超越統獨議題？,時間: Sun Jul  3 08:42:50 2022
推: 11,噓: 8,分數: 3,作者: fcugeo (fcugeo1746),標題: [新聞] 黃連煜奪金曲評審團獎 高喊「所有人都是,時間: Sat Jul  2 23:56:02 2022
推: 1,噓: 3,分數: -2,作者: op840906 (LOVEISFOURLETTERSWORS),標題: [問卦] 房價跌了，可是你在社會的PR不變，買得,時間: Sun Jul  3 10:36:18 2022
推: 2,噓: 0,分數: 2,作者: T3T (G.S.M.W),標題: Re: [問卦] DCARD為什麼一直在黑國動阿,時間: Sun Jul  3 08:58:31 2022
推: 5,噓: 2,分數: 3,作者: dinhan (ChuChu),標題: [問卦] 為什麼台南一堆店家都沒有冷氣,時間: Sat Jul  2 23:15:09 2022
推: 84,噓: 58,分數: 26,作者: jeipurple (Ariel),標題: [新聞] 年輕人轉向了？蔡英文最新民調嚇死人 網,時間: Sun Jul  3 08:11:55 2022
推: 2,噓: 3,分數: -1,作者: Rasin (雷森),標題: [問卦] 為什麼昆蟲那麼聰明?,時間: Sun Jul  3 06:39:12 2022
推: 3,噓: 0,分數: 3,作者: hoyumi (正版型男...無誤!!!),標題: [問卦] 五燈獎闖關成功的人唱歌有多強？,時間: Sun Jul  3 10:02:30 2022
推: 4,噓: 2,分數: 2,作者: KhePri (史密提威威),標題: [問卦] 欸！你們有吃過筍豆嗎？,時間: Sun Jul  3 00:16:05 2022
推: 29,噓: 10,分數: 19,作者: nightwinded (Night Wind),標題: [問卦] 把藍牙打成藍芽都哪種人？,時間: Sun Jul  3 10:29:34 2022
推: 10,噓: 0,分數: 10,作者: com2 (),標題: Re: [新聞] PTT有人對烏俄戰爭抱持投降主義 綠委要求,時間: Sun Jul  3 11:28:58 2022
推: 4,噓: 7,分數: -3,作者: abc1204 (         ),標題: [新聞] 出國人數飆3倍！入境放寬4萬人最快本週,時間: Sun Jul  3 11:39:44 2022
推: 24,噓: 7,分數: 17,作者: lovea (lovea),標題: [新聞] 1歲女嬰高燒送醫遇塞車　桃園警鳴笛開道4,時間: Sun Jul  3 10:48:10 2022
推: 7,噓: 0,分數: 7,作者: howard24 (中信兄弟強攻強攻),標題: [問卦] 茄子蛋怎麼唱出89歌的?,時間: Sun Jul  3 00:02:46 2022
推: 27,噓: 3,分數: 24,作者: nyabinghi (Nyabinghi),標題: [問卦] 誰投擲手榴彈能贏打棒球的？,時間: Sun Jul  3 10:53:00 2022
推: 3,噓: 0,分數: 3,作者: saobox (刀劍神域盒盒),標題: [問卦] 我朋友想偷博物館的大鑽石 有可能成功嗎?,時間: Sat Jul  2 23:15:05 2022
推: 3,噓: 3,分數: 0,作者: david3809 (霜月薰),標題: [問卦] 周杰倫根本是鬼吧？,時間: Sat Jul  2 23:31:40 2022
推: 2,噓: 0,分數: 2,作者: godbar (乳不巨何以聚人心),標題: Re: [問卦] 台灣人怎不敢讓小學生自己上學回家,時間: Sun Jul  3 10:03:04 2022
推: 9,噓: 6,分數: 3,作者: Supasizeit (更大更快更有力),標題: [問卦] iTunes 排行榜是不是最準,時間: Sun Jul  3 01:08:34 2022
推: 3,噓: 0,分數: 3,作者: a22028504 (王),標題: [問卦] 如何增加社會經濟底層的消費能力呢?,時間: Sun Jul  3 10:55:29 2022
推: 3,噓: 2,分數: 1,作者: bluebagel (果果:)),標題: [問卦] 立榮根本狂勝華信？,時間: Sat Jul  2 23:54:02 2022
推: 3,噓: 0,分數: 3,作者: twmadrid (chrissy我老婆),標題: Re: [問卦] 金馬 金曲什麼時候變成小眾 取暖的典禮?,時間: Sun Jul  3 10:05:02 2022
推: 38,噓: 15,分數: 23,作者: kanjiya (貓豬豬),標題: [問卦] 台灣人怎不敢讓小學生自己上學回家,時間: Sun Jul  3 09:06:12 2022
推: 3,噓: 0,分數: 3,作者: ms0286415 (叫我網路作家就好),標題: [問卦] 有推荐不刺激不過敏的洗面乳嗎??,時間: Sun Jul  3 00:42:22 2022
推: 155,噓: 25,分數: 130,作者: DarkHolbach (垃圾),標題: Re: [問卦] 澤倫斯基從哪一步做錯了？,時間: Sat Jul  2 23:19:37 2022
推: 1,噓: 0,分數: 1,作者: kenq5566 (肯Q),標題: [問卦] 看金曲獎的人跟看原神2.8前瞻的人誰多,時間: Sun Jul  3 10:56:01 2022
推: 5,噓: 2,分數: 3,作者: cyh2210 (有完沒完?),標題: [問卦] 請問為何我ig很多韓國妹子帥哥？,時間: Sun Jul  3 09:44:20 2022
推: 2,噓: 1,分數: 1,作者: onepunchgg (GurA守護者),標題: [問卦] 把圖畫成這樣神得到原帳號嗎,時間: Sun Jul  3 09:57:17 2022
推: 0,噓: 0,分數: 0,作者: ppp123 (3p哥),標題: [問卦] 單車併排聊天不怕被撞喔？,時間: Sun Jul  3 08:14:41 2022
推: 13,噓: 4,分數: 9,作者: Scathach (沙花叉クロヱの旦那様),標題: [問卦] 喉嚨感覺快斷ㄌ= =,時間: Sun Jul  3 11:41:32 2022
推: 10,噓: 0,分數: 10,作者: sushi11 (偶像可以亂摸嗎peko),標題: [問卦] 有人知道阿Q臭臭鍋怎麼消失的嗎？,時間: Sat Jul  2 23:52:17 2022
推: 74,噓: 29,分數: 45,作者: ICEN (冰),標題: [問卦] 珂拉琪是不是台灣YOASOBI,時間: Sun Jul  3 02:12:50 2022
推: 1,噓: 2,分數: -1,作者: G2S (越接近夕陽影子越長),標題: [問卦] 比悲傷更悲傷的事裡牙醫是最悲傷的角色嗎,時間: Sun Jul  3 01:25:21 2022
推: 60,噓: 3,分數: 57,作者: jp6vu04boy (客家肥肥),標題: [問卦] 怎麼很多人認為「亂開車=技術好」？,時間: Sun Jul  3 07:29:03 2022
推: 3,噓: 30,分數: -27,作者: Tiara5566 (霸凌天團),標題: [新聞] 蔡阿嘎曝光「二伯」綽號由來！網驚：不是,時間: Sat Jul  2 23:58:00 2022
推: 6,噓: 1,分數: 5,作者: a0a000000000 (...),標題: Re: [問卦] 年輕人想在九州買房的八卦,時間: Sun Jul  3 09:36:04 2022
推: 1,噓: 1,分數: 0,作者: metallican (鋼鐵人),標題: [問卦] 木曜怎麼大多都在吃東西,時間: Sun Jul  3 10:46:54 2022
推: 14,噓: 4,分數: 10,作者: wantorgasm (午後的相遇),標題: [問卦] 現在獨立樂團反而變成主流了吧,時間: Sun Jul  3 09:26:19 2022
推: 48,噓: 3,分數: 45,作者: Ayanami5566 (綾波五六),標題: [問卦] 不經思考 第一個想到的非洲人是誰??,時間: Sat Jul  2 23:23:34 2022
推: 7,噓: 2,分數: 5,作者: maggie024 (莫莉),標題: [問卦]  大牛主持是不是自己撐不住,時間: Sun Jul  3 11:30:42 2022
推: 3,噓: 0,分數: 3,作者: CahoForever (Forever),標題: [問卦] 大家能用剪指甲的刀，拿來剪頭髮嗎???,時間: Sun Jul  3 03:39:03 2022
推: 6,噓: 1,分數: 5,作者: IMBA5566 (許孟哲),標題: [問卦] Elva蕭亞軒的鼻子怎麼了？,時間: Sat Jul  2 23:18:12 2022
推: 3,噓: 0,分數: 3,作者: Savior09 (Sakana Mazui),標題: Re: [問卦] 最近工作是不是會很難找,時間: Sat Jul  2 23:28:23 2022
推: 11,噓: 2,分數: 9,作者: TPDC ()(),標題: [新聞] 大一新生人數 首度超過高中應屆生,時間: Sun Jul  3 11:16:54 2022
推: 104,噓: 12,分數: 92,作者: zakijudelo (Zack),標題: [新聞] 「民進黨靠假新聞騙人民！」　她揪3件事,時間: Sat Jul  2 23:49:12 2022
推: 5,噓: 2,分數: 3,作者: flyuhigh (第壹參壹貳屆臺大最速男),標題: [問卦] 欸！等等考日檢但突然想大便啦,時間: Sun Jul  3 11:53:17 2022
推: 3,噓: 0,分數: 3,作者: nissan168 (pingGO),標題: [問卦] 孔孟如果選制度會選美國的制度嗎？,時間: Sun Jul  3 00:43:34 2022
推: 8,噓: 8,分數: 0,作者: sdtgfsrt (カヴァスⅡ世),標題: [問卦] 警察怎麼不把那些國道重機槍斃？,時間: Sun Jul  3 11:10:23 2022
推: 60,噓: 191,分數: -131,作者: sincere77 (台灣會更好),標題: [新聞] PTT有人對烏俄戰爭抱持投降主義 綠委要求,時間: Sun Jul  3 10:49:42 2022
推: 7,噓: 1,分數: 6,作者: voohong (SE Asia Fat Nerd),標題: [問卦] 為什麼都沒發明自動運動機？,時間: Sun Jul  3 09:10:24 2022
推: 11,噓: 0,分數: 11,作者: dennistao (不住心齋橋的心齋橋哥),標題: [問卦] 其實PS5是被遊戲店家自己炒壞的吧?,時間: Sun Jul  3 10:50:48 2022
推: 28,噓: 5,分數: 23,作者: micheal59 (Pohan),標題: [新聞]  羅時豐送小孩棒棒糖「給你沒戴套的」!開,時間: Sun Jul  3 00:19:50 2022
推: 7,噓: 17,分數: -10,作者: thelittleone (うそつき),標題: [新聞] 陸外交部嗆北約：不會任由別人把亞太搞亂,時間: Sun Jul  3 10:28:20 2022
推: 12,噓: 3,分數: 9,作者: epiphyte (晴),標題: [問卦] 廣仲的髮量是不是讓眾多男性羨慕,時間: Sun Jul  3 00:42:37 2022
推: 0,噓: 0,分數: 0,作者: yokann ( ),標題: [問卦] 蝦皮白金蝦還有啥用？,時間: Sun Jul  3 11:49:13 2022
推: 2,噓: 0,分數: 2,作者: Qorqios (塔の魔女⊕﹏⊕‼),標題: [問卦] 可以去蔡老闆面前拍桌嗎？,時間: Sun Jul  3 00:14:10 2022
推: 0,噓: 0,分數: 0,作者: jimmy880921 (張開腿說不),標題: [問卦] 有沒有可以強化通知的app啊,時間: Sat Jul  2 23:46:15 2022
推: 10,噓: 2,分數: 8,作者: YU0121 (愛玉冰™),標題: Re: [新聞] 一堆人抱怨房價高！王浩宇嗆：台灣買不起,時間: Sun Jul  3 01:01:29 2022
推: 4,噓: 0,分數: 4,作者: ltyintw (菈米雅嘶嘶),標題: Re: [問卦] 許茹芸 以前很紅嗎? 怎麼沒人討論?,時間: Sun Jul  3 07:37:26 2022
推: 6,噓: 5,分數: 1,作者: fack3170 (法克),標題: [問卦] 金曲獎最多的男人？,時間: Sun Jul  3 01:41:16 2022
推: 233,噓: 1,分數: 232,作者: Nigger5566 (尼哥56),標題: Re: [新聞] 2幼鳥遭工人抓走 鳳頭蒼鷹親鳥傷心徘徊枝,時間: Sun Jul  3 00:52:03 2022
推: 6,噓: 0,分數: 6,作者: KitsuneNeko (狐貓),標題: Re: [問卦] 護國超人怎麼會想強○女性？,時間: Sat Jul  2 23:21:58 2022
推: 6,噓: 0,分數: 6,作者: koushimei (平安順心),標題: Re: [問卦] 日本人均國民所得什麼時候被台灣超過？,時間: Sun Jul  3 11:23:27 2022
推: 4,噓: 1,分數: 3,作者: Ommmmmm5566 (有人責備我們不夠深入),標題: Re: [問卦] 手機真的不能放口袋嗎,時間: Sun Jul  3 00:24:21 2022
推: 192,噓: 8,分數: 184,作者: ashow (修~(￣▽￣)~(＿△＿)~),標題: [問卦] 不經思考 第一首想到蔡健雅的歌？,時間: Sun Jul  3 00:01:44 2022
推: 4,噓: 3,分數: 1,作者: Ericz7000 (),標題: [問卦] 有人會忘記洗澡嗎,時間: Sun Jul  3 08:48:39 2022
推: 8,噓: 5,分數: 3,作者: jiern (jiern),標題: Re: [新聞] 不會用藍芽！師大教授千字文控店員態度差,時間: Sun Jul  3 09:10:11 2022
推: 8,噓: 2,分數: 6,作者: became (windim),標題: [問卦] 如何在第一次傳訊息給對方不犯跟騷法呢,時間: Sun Jul  3 09:11:46 2022
推: 3,噓: 2,分數: 1,作者: oz5566 (阿萊克修斯),標題: [問卦] 重機 台女 甲甲 怎摸都那摸愛吃自助餐,時間: Sun Jul  3 10:55:39 2022
推: 77,噓: 14,分數: 63,作者: hTCU11 (Squeeze),標題: [新聞] 西門町火紅「泰國店」13歲少女陪酒「100,時間: Sun Jul  3 01:48:49 2022
推: 0,噓: 0,分數: 0,作者: sinohara (kinu),標題: Re: [問卦] 羅時豐坐在膠囊上面是不是超猛的,時間: Sun Jul  3 00:09:22 2022
推: 4,噓: 0,分數: 4,作者: Articuno (水噹噹),標題: [新聞] 車庫改裝芭比展示間 珍藏芭比娃娃天天欣賞,時間: Sat Jul  2 23:47:14 2022
推: 6,噓: 0,分數: 6,作者: anomic24 (若彧),標題: [問卦] 戲水的人都不怕水髒嗎,時間: Sun Jul  3 11:38:21 2022
推: 106,噓: 29,分數: 77,作者: Gazooli (阿爾敏·亞魯雷特),標題: [問卦] 重機在國道摔車會怎麼樣？,時間: Sun Jul  3 10:18:11 2022
推: 7,噓: 5,分數: 2,作者: thelittleone (うそつき),標題: [問卦] 台灣國際觀是不是太偏頗了？,時間: Sun Jul  3 11:21:24 2022
推: 14,噓: 3,分數: 11,作者: bathilda (bat),標題: Re: [問卦] 蔡健雅到底多會唱歌？,時間: Sun Jul  3 01:32:03 2022
推: 9,噓: 3,分數: 6,作者: GAP5566 (User),標題: [問卦] 女人對男人說你‘’搞怪‘’的地方很多,時間: Sun Jul  3 09:28:35 2022
推: 9,噓: 0,分數: 9,作者: skn60694 (入聲),標題: [問卦] 穿素Polo衫紮西裝褲被笑 如何處置?,時間: Sun Jul  3 09:14:52 2022
推: 5,噓: 1,分數: 4,作者: andrewmiho (愛喝啤酒),標題: [問卦] 高速公路無差別開放車輛有沒搞頭？,時間: Sun Jul  3 09:16:26 2022
推: 1,噓: 0,分數: 1,作者: lucifa38 (夢中與誰相見),標題: Re: [問卦] 日本男優小栗旬為什麼能紅那麼久？,時間: Sun Jul  3 08:38:08 2022
推: 17,噓: 46,分數: -29,作者: ptt987654321 (大谷躺平),標題: [新聞] 好市多衛生紙漲價!會員崩潰 王浩宇驚喊,時間: Sun Jul  3 08:35:09 2022
推: 3,噓: 0,分數: 3,作者: seysem (seysem),標題: Re: [問卦] 確診後3個月內到底會不會二次確診???,時間: Sun Jul  3 01:27:55 2022
推: 0,噓: 0,分數: 0,作者: toofat (南勢角野郎哥),標題: [問卦] 為什麼翻譯成最偉大的命中？,時間: Sun Jul  3 00:32:51 2022
推: 4,噓: 7,分數: -3,作者: aventardorsv (lamborghini aventadorsv),標題: [問卦] 正妹是在吃醋嗎?,時間: Sun Jul  3 00:49:19 2022
推: 0,噓: 0,分數: 0,作者: ubcs (覺★青年超冒險蓋),標題: [公告] 八卦板板規(2022.02.21),時間: Mon Feb 21 23:04:30 2022
推: 11,噓: 60,分數: -49,作者: WorkinChina (WIC),標題: [新聞] 轉型正義座談 范雲:完整真相才有真正信,時間: Sun Jul  3 11:29:18 2022
推: 0,噓: 0,分數: 0,作者: tom501062003 (池袋情報商),標題: [問卦] 一千元上的小朋友現在在幹嘛？,時間: Sun Jul  3 12:00:06 2022
推: 12,噓: 10,分數: 2,作者: fcugeo (fcugeo1746),標題: [新聞] 環團自製「塑膠福利熊」 呼籲全聯減塑,時間: Sun Jul  3 00:05:58 2022
推: 33,噓: 10,分數: 23,作者: subcrew (Working Below The Hype),標題: [問卦] 重機上國道遇到超級暴雨會怎樣,時間: Sun Jul  3 11:04:06 2022
推: 12,噓: 7,分數: 5,作者: asd245438 (不要問，一切都是幻影~),標題: [新聞] 跨部會齊推充電樁設置 為電動車普及化鋪,時間: Sat Jul  2 23:16:35 2022
推: 0,噓: 0,分數: 0,作者: s001582000 (洨軒),標題: Re: [問卦] 到底還有甚麼影集可以看啦,時間: Sun Jul  3 11:51:17 2022
推: 10,噓: 17,分數: -7,作者: GrimmNotes (),標題: [新聞] 劉樂妍情緒潰堤！悲喊「老天爺殘忍」：,時間: Sun Jul  3 10:09:39 2022
推: 0,噓: 1,分數: -1,作者: kaky (菩提本無樹明鏡亦非台),標題: Re: [新聞] 92歲嬤染疫急診等29小時亡 家屬質疑延誤,時間: Sun Jul  3 01:04:27 2022
推: 11,噓: 6,分數: 5,作者: Inkdust (凡),標題: [新聞] 14歲少女得知大學男友劈腿 自曝曾經啪,時間: Sun Jul  3 10:04:53 2022
推: 61,噓: 8,分數: 53,作者: a0a000000000 (...),標題: [新聞] NASA署長示警 小心中國登月佔領月球,時間: Sun Jul  3 08:45:51 2022
推: 8,噓: 2,分數: 6,作者: XBOXFANS (man),標題: [新聞] 福原愛遭抵制仍照上各類節目 電視台製作,時間: Sun Jul  3 08:57:50 2022
推: 0,噓: 0,分數: 0,作者: a245065789 (PDA),標題: [問卦] 今天去殺139縣道 怎警察特多,時間: Sun Jul  3 11:57:29 2022
推: 9,噓: 1,分數: 8,作者: KKKKKvs333 (NOW_EMPiRE),標題: [問卦] 劉若英的哪首歌最好？,時間: Sun Jul  3 08:32:30 2022
推: 7,噓: 3,分數: 4,作者: BigCockman (大雕男),標題: [問卦] 老人學不會新科技的原因是什麼？,時間: Sun Jul  3 11:43:23 2022
推: 7,噓: 3,分數: 4,作者: P0GUY (仆街~~~~~),標題: [問卦] 各位有聽完任何一張去年發的專輯嗎,時間: Sun Jul  3 09:59:48 2022
推: 10,噓: 0,分數: 10,作者: afacebook (A臉書),標題: [問卦] 中國人為什麼要自己蓋艾菲爾鐵塔?,時間: Sat Jul  2 23:36:46 2022
推: 0,噓: 3,分數: -3,作者: mono5566 (優雅氣質不反串),標題: [問卦] 貓貓一直不肯走,時間: Sat Jul  2 23:16:27 2022
推: 32,噓: 7,分數: 25,作者: kidtoo (我看你完全是不懂喔),標題: [問卦] 為什麼台灣 對8+9文化這麼買單？,時間: Sun Jul  3 00:06:09 2022
推: 7,噓: 11,分數: -4,作者: OPPAISuki (OPPAISuki),標題: [問卦] 有人聽過 蔡健雅 這張專輯的嗎? +1,時間: Sun Jul  3 00:05:13 2022
推: 7,噓: 1,分數: 6,作者: bathilda (bat),標題: [問卦] 整形不會自己審查一下結果嗎？,時間: Sun Jul  3 03:41:46 2022
推: 7,噓: 1,分數: 6,作者: Townshend (Pete),標題: [問卦] 很多老人都走了 勞健保壓力是否減輕很多?,時間: Sun Jul  3 10:19:02 2022
推: 12,噓: 2,分數: 10,作者: songgood (ilovegoodgame),標題: [問卦] 蔡桃貴和晨晨怎差這麼多,時間: Sun Jul  3 11:01:21 2022
推: 14,噓: 2,分數: 12,作者: kinjk01 (小白),標題: [問卦] 會吸毒的人不能相信？,時間: Sun Jul  3 02:09:04 2022
推: 3,噓: 3,分數: 0,作者: a493103terry (就是這麼惠),標題: [問卦] 怎麼跟半年沒聯絡的教授打招呼,時間: Sun Jul  3 10:36:10 2022
推: 0,噓: 0,分數: 0,作者: cutiehoneyzu (McHilo),標題: [問卦] 爲什麼玩股票錢賠越多 身體會越腫？？,時間: Sun Jul  3 11:55:06 2022
推: 0,噓: 0,分數: 0,作者: PCclean (BOBO),標題: Re: [問卦] 長得醜宅貌的男生怎麼交女友,時間: Sun Jul  3 07:29:50 2022
推: 5,噓: 4,分數: 1,作者: drakd4d (NULL),標題: [問卦] 金曲獎頒獎 陶喆 周杰倫跑去哪了？,時間: Sun Jul  3 01:50:46 2022
推: 8,噓: 0,分數: 8,作者: wpd (??),標題: [問卦] 台灣會流行起安全帽印上自己封號嗎??,時間: Sun Jul  3 02:56:59 2022
推: 0,噓: 2,分數: -2,作者: Qorqios (塔の魔女⊕﹏⊕‼),標題: Re: [問卦] 女友演舞台劇被內定刷掉==+,時間: Sun Jul  3 01:02:38 2022
推: 8,噓: 1,分數: 7,作者: p25488148 (一定愛用挖ㄟ馬吉呀米),標題: [問卦] 為啥被大學長撞的小客車不用負全責啊,時間: Sun Jul  3 09:43:46 2022
推: 0,噓: 0,分數: 0,作者: juyhnmki (juyhnmki),標題: [問卦] 不用漱口杯的人多嗎？,時間: Sun Jul  3 11:58:52 2022
推: 2,噓: 1,分數: 1,作者: kelvintube (strike-out),標題: [問卦] 有金曲最佳女歌手的八卦嗎？,時間: Sat Jul  2 23:36:31 2022
推: 6,噓: 0,分數: 6,作者: nk11208z (小魯),標題: [問卦] 每年的KKBOX風雲榜才是真正的金曲獎吧,時間: Sun Jul  3 00:14:13 2022
推: 0,噓: 0,分數: 0,作者: Lefteye (利傅艾),標題: Re: [問卦] 周杰倫的專輯哪一張可以稱為最佳華語專輯,時間: Sun Jul  3 08:42:19 2022
推: 7,噓: 1,分數: 6,作者: cailon (我不一定是我!),標題: [問卦] 原來已經暑假了,時間: Sat Jul  2 23:29:39 2022
推: 2,噓: 3,分數: -1,作者: laugh8562 (laugh8562),標題: [問卦] 這個人怎麼在水上移動的?,時間: Sun Jul  3 11:15:32 2022
推: 2,噓: 6,分數: -4,作者: miloskyman (削波快),標題: [問卦] 今年的金曲是不是在分豬肉,時間: Sun Jul  3 00:33:52 2022
推: 12,噓: 4,分數: 8,作者: opemhood (大漢堡),標題: [問卦] 為了民主自由，獨裁也是必要的一環吧？,時間: Sat Jul  2 23:14:01 2022
推: 12,噓: 5,分數: 7,作者: meta41110 (阿標),標題: [新聞] 高通膨、失業增 痛苦指數飆,時間: Sun Jul  3 11:08:13 2022
推: 132,噓: 43,分數: 89,作者: george303 (ASICS),標題: [新聞] 爭取路權！大型重機騎上國道「遍地開花,時間: Sun Jul  3 08:22:06 2022
推: 3,噓: 2,分數: 1,作者: ffdqfe (苦惱),標題: [問卦] 為什麼不能優雅的老去？,時間: Sun Jul  3 02:40:20 2022
推: 17,噓: 7,分數: 10,作者: parkinque (英文老師),標題: Re: [爆卦] 中國搖滾之父崔健獲最佳男歌手獎,時間: Sat Jul  2 23:48:11 2022
推: 97,噓: 11,分數: 86,作者: rexlin (Some like it hot!!),標題: [新聞] 長照悲歌！拿菜刀砍頸殺阿嬤 思覺失調孫,時間: Sun Jul  3 03:10:49 2022
推: 10,噓: 2,分數: 8,作者: thewtf (濱邊美波我老婆),標題: [問卦] 發現日本人根本不會害怕停電（圖,時間: Sun Jul  3 09:17:51 2022
推: 62,噓: 23,分數: 39,作者: cow09421 (傲嬌戰場原),標題: [新聞] 轎車高速撞2車「保全等紅燈無辜慘死」肇,時間: Sun Jul  3 06:58:33 2022
推: 5,噓: 1,分數: 4,作者: johanLarson (Rent),標題: Re: [問卦] 其實麥當勞一直以來方針都很正確吧?,時間: Sun Jul  3 01:31:04 2022
推: 4,噓: 1,分數: 3,作者: silver0314 (吾要失態了！),標題: [問卦] 蕭亞軒是在cos HIM嗎？,時間: Sun Jul  3 01:42:09 2022
推: 0,噓: 0,分數: 0,作者: forest1538 (hcaoc),標題: [問卦] 連鎖早餐店最頂是哪家？,時間: Sun Jul  3 12:02:00 2022
推: 442,噓: 17,分數: 425,作者: Homura (德意志國防貓),標題: [問卦] 震撼彈！上站次數變成紫色了,時間: Sun Jul  3 00:17:37 2022
推: 100,噓: 13,分數: 87,作者: zkowntu (冰楓冷雁),標題: [爆卦] 中國搖滾之父崔健獲最佳男歌手獎,時間: Sat Jul  2 23:41:21 2022
推: 2,噓: 0,分數: 2,作者: BroDians (網圍包),標題: [問卦] 某些全家便利商店是不是新舊歡迎光臨音樂都放？,時間: Sat Jul  2 23:51:39 2022
推: 1,噓: 1,分數: 0,作者: ray081411 (ray),標題: [問卦] 潮潮有在洗帽子嗎,時間: Sun Jul  3 07:33:02 2022
推: 40,噓: 7,分數: 33,作者: arakiyuko (ゆんぴょ),標題: [問卦] 抄襲歌手有資格得金曲獎嗎？,時間: Sun Jul  3 02:00:58 2022
推: 2,噓: 0,分數: 2,作者: autokey (該起床啦),標題: [問卦] 玩三國志創新武將是明星藝人是何心態?,時間: Sun Jul  3 00:49:03 2022
推: 10,噓: 19,分數: -9,作者: LoveMakeLove (0),標題: [新聞] 悼念乙未戰爭英魂 蔡英文：客家精神就是,時間: Sun Jul  3 10:59:11 2022
推: 3,噓: 0,分數: 3,作者: wade6510 (真情不必多說),標題: Re: [問卦] 在日本住飯店真的很容易撞鬼嗎？？,時間: Sat Jul  2 23:41:08 2022
推: 9,噓: 0,分數: 9,作者: KennethC (Smith),標題: [問卦] 有沒有林雪坪大學的八卦??,時間: Sat Jul  2 23:38:16 2022
推: 21,噓: 1,分數: 20,作者: ivorysoap (ivorysoap),標題: [問卦] 現在的中高學生帶什麼會成為班上紅人？,時間: Sun Jul  3 09:08:51 2022
推: 0,噓: 0,分數: 0,作者: scores (男兒當逆天！),標題: Re: [問卦] 蕭亞軒的鼻子怎摸了,時間: Sat Jul  2 23:40:00 2022
推: 10,噓: 6,分數: 4,作者: fox875566 (fox9527),標題: [問卦] 全世界石油業只有中油虧錢嗎,時間: Sun Jul  3 09:33:12 2022
推: 2,噓: 0,分數: 2,作者: F16V (你姬善擠 獨門武器),標題: [新聞] 菲採購6艘韓製近海巡邏艦 增強海上戰力,時間: Sun Jul  3 11:17:50 2022
推: 65,噓: 9,分數: 56,作者: ian1107 (飛翔般的奔跑),標題: [問卦] 蕭亞軒的代表作是什麼的卦?,時間: Sat Jul  2 23:24:38 2022
推: 7,噓: 2,分數: 5,作者: murray5566 (睡覺睡到自然醒),標題: [問卦] 趙孝成王走錯哪一步才被秦國坑殺40萬兵?,時間: Sun Jul  3 00:11:20 2022
推: 4,噓: 2,分數: 2,作者: Moneygerm (熊鮪猩),標題: [問卦]  哪個最酷,時間: Sun Jul  3 00:17:52 2022
推: 101,噓: 3,分數: 98,作者: gindisergo (gindis),標題: [新聞] 「20公分」巨型非洲蝸牛入侵美國佛州！ ,時間: Sun Jul  3 04:34:23 2022
推: 19,噓: 3,分數: 16,作者: sunsam (山山姆),標題: [問卦] QBurger 現在時間生意這樣好喔,時間: Sun Jul  3 10:35:13 2022
推: 8,噓: 2,分數: 6,作者: chirex (不含銅鋰鋅),標題: Re: [新聞] 中國禁鳳梨、石斑就轉賣日本？日本專家搖,時間: Sun Jul  3 00:24:56 2022
推: 6,噓: 1,分數: 5,作者: aabbcc520 (U質文),標題: Re: [新聞] 人妻嬌羞連結老同學！他爽喊：射滿妳　,時間: Sun Jul  3 11:30:28 2022
推: 4,噓: 2,分數: 2,作者: kohanchen (kohanchen),標題: [問卦] 為何還沒有迴轉小菜？,時間: Sun Jul  3 09:44:46 2022
推: 7,噓: 1,分數: 6,作者: Sron (讀書好嗎),標題: [問卦] 欸靠 現在才知道眭澔平入圍過金曲是不,時間: Sun Jul  3 02:51:51 2022
推: 149,噓: 6,分數: 143,作者: ubcs (覺★青年超冒險蓋),標題: [公告] 六月份置底閒聊區,時間: Wed Jun  8 16:40:42 2022
推: 9,噓: 1,分數: 8,作者: fawangching (),標題: [問卦] 自介說自己的興趣是去八大行業玩？,時間: Sun Jul  3 08:36:20 2022
推: 24,噓: 14,分數: 10,作者: Goo4u (Goo4u),標題: [問卦] 這波股市殺盤，逼一堆人賣房補融資斷頭,時間: Sun Jul  3 08:03:07 2022
推: 6,噓: 7,分數: -1,作者: kalaokla (卡啦),"標題: [問卦] 有沒有ptt股票版在實行""文字獄""的八卦?",時間: Sun Jul  3 10:57:01 2022
推: 2,噓: 3,分數: -1,作者: yangzy (亞瑟),標題: [問卦] 你們有人在自家地下室埋東西嗎？,時間: Sun Jul  3 00:05:17 2022
推: 3,噓: 0,分數: 3,作者: g7a7n7 (優文製造機),標題: [問卦] 尼哥連老闆都敢歧視啦？,時間: Sat Jul  2 23:19:59 2022
推: 2,噓: 0,分數: 2,作者: blue999 (FLY),標題: Re: [問卦] 為什麼台灣 對8+9文化這麼買單？,時間: Sun Jul  3 00:20:20 2022
推: 4,噓: 7,分數: -3,作者: generalfungi (香菇將軍),標題: [問卦] 是不是很多人不知道蔡健雅疑似抄襲？,時間: Sat Jul  2 23:26:59 2022
推: 7,噓: 10,分數: -3,作者: assassinASHE (幹古專用帳號),標題: [問卦] 媽媽不喜歡花車小姐...,時間: Sun Jul  3 00:29:06 2022
推: 1,噓: 1,分數: 0,作者: CNseven (Maryyyyyyyy),標題: [問卦] 這裡的夜景很有感覺,時間: Sun Jul  3 01:41:26 2022
推: 3,噓: 0,分數: 3,作者: KennethC (Smith),標題: [問卦] 燕麥奶是不是變淡了qq??,時間: Sun Jul  3 00:34:10 2022
推: 3,噓: 1,分數: 2,作者: fuya101 (@@),標題: [問卦] 長青苔是因為,時間: Sun Jul  3 10:33:09 2022
推: 4,噓: 1,分數: 3,作者: henkyu (也無風雨也無晴),標題: [問卦] 影片配樂的八卦？,時間: Sun Jul  3 08:38:58 2022
推: 0,噓: 0,分數: 0,作者: mk203125 (戴奧辛),標題: [問卦] 電池是不是懷孕了？？,時間: Sun Jul  3 12:03:36 2022
推: 19,噓: 1,分數: 18,作者: chubby31190 (優文專家),標題: [新聞] 省時縮路程有感！服務區聯外道成上國道「,時間: Sun Jul  3 03:27:53 2022
推: 2,噓: 5,分數: -3,作者: blaga (羅馬尼亞哲學家),標題: [問卦] 吃科學麵捏 or 不捏都幾？,時間: Sun Jul  3 00:54:51 2022
推: 2,噓: 2,分數: 0,作者: lightwish (穹願),標題: [新聞] 江蘇安徽疫情升溫 民眾恐慌囤積物資,時間: Sat Jul  2 23:25:13 2022
推: 2,噓: 0,分數: 2,作者: tucson (tucson),標題: Re: [新聞] 劉樂妍情緒潰堤！悲喊「老天爺殘忍」,時間: Sun Jul  3 10:42:51 2022
推: 55,噓: 6,分數: 49,作者: ashow (修~(￣▽￣)~(＿△＿)~),標題: [問卦] 有沒有蔡健雅拿四座金曲歌后的八卦,時間: Sat Jul  2 23:21:32 2022
推: 4,噓: 0,分數: 4,作者: tth9955 (EvilHeart),標題: [問卦] 和歌山是不是很危險 =.=|||,時間: Sat Jul  2 23:08:53 2022
推: 19,噓: 1,分數: 18,作者: sole772pk37 (單推Korone),標題: [問卦] 普通重型機車族會想上國道嗎,時間: Sun Jul  3 11:07:43 2022
推: 2,噓: 0,分數: 2,作者: pptsuck (whip),標題: [問卦] 派克諾坦這角色是參考楊謹華還是蕭亞軒?,時間: Sun Jul  3 00:08:26 2022
推: 4,噓: 0,分數: 4,作者: s2678132 (重力可可),標題: Re: [新聞] 西門町火紅「泰國店」13歲少女陪酒「100,時間: Sun Jul  3 02:55:44 2022
推: 67,噓: 7,分數: 60,作者: KIRA1943 (大俠愛吃漢堡包),標題: [問卦] 到底還有甚麼影集可以看啦,時間: Sun Jul  3 11:05:23 2022
推: 8,噓: 3,分數: 5,作者: s1777001 (iPad溫開水),標題: [新聞] 漁民節不開心 韓國瑜轟政府「大內宣」無,時間: Sat Jul  2 23:17:33 2022
推: 2,噓: 0,分數: 2,作者: cpz (我是閃亮亮的鑽石),標題: [問卦] 有鄉民這半年變低端的ㄇ？,時間: Sat Jul  2 23:09:32 2022
推: 2,噓: 3,分數: -1,作者: gentleman888 (),標題: [問卦] 肥宅不爽服務態度不佳的店員要怎麼處理,時間: Sun Jul  3 10:55:03 2022
推: 2,噓: 4,分數: -2,作者: JHS (慕山駛者),標題: [問卦] 為何會有美女愛上軟男爛男暴力男,時間: Sun Jul  3 08:15:34 2022
推: 10,噓: 7,分數: 3,作者: saipipi (雷神),標題: [問卦] 明年應該辦金曲抖音獎才對？,時間: Sun Jul  3 08:34:30 2022
推: 26,噓: 7,分數: 19,作者: Ericz7000 (),標題: [問卦] 為什麼拉麵店常常放動漫歌,時間: Sun Jul  3 09:01:47 2022
推: 7,噓: 4,分數: 3,作者: aabbcc520 (U質文),標題: [問卦] 3年又3年都過10個了怎麼還沒有女朋友八卦,時間: Sun Jul  3 11:20:33 2022
推: 22,噓: 1,分數: 21,作者: WeiU (台大IU),標題: Re: [問卦] 兩顆安眠藥不夠，你有試第三顆嗎？,時間: Sat Jul  2 23:26:31 2022
推: 12,噓: 3,分數: 9,作者: david0426 (軒軒寶貝),標題: [問卦] 急！盔甲巨人把城牆撞破了,時間: Sun Jul  3 00:40:30 2022
推: 23,噓: 3,分數: 20,作者: Dukkha (Anagami),標題: [新聞] 斯里蘭卡是中國「債務陷阱」的受害者？,時間: Sun Jul  3 10:20:47 2022
推: 22,噓: 3,分數: 19,作者: kauosong (如何一少年，匆匆已白頭),標題: [問卦] 現在的新歌手誰有實力可以辦萬人演唱會？,時間: Sun Jul  3 06:15:44 2022
推: 8,噓: 4,分數: 4,作者: Luckmeow (meow),標題: [問卦] 直腸科醫師怎沒衛教宣導別肛交傷害肛門？,時間: Sun Jul  3 11:40:06 2022
推: 5,噓: 6,分數: -1,作者: lelena (智慧之神-透特),標題: [問卦] 為什麼不派周子瑜solo?,時間: Sun Jul  3 09:56:24 2022
推: 8,噓: 2,分數: 6,作者: Akuma5566 (塔綠班親衛隊),標題: Re: [新聞] PTT有人對烏俄戰爭抱持投降主義 綠委要求,時間: Sun Jul  3 11:14:40 2022
推: 1,噓: 0,分數: 1,作者: pauljet (拜登哥不要),標題: Re: [問卦] 趙孝成王走錯哪一步才被秦國坑殺40萬兵?,時間: Sun Jul  3 00:19:33 2022
推: 7,噓: 3,分數: 4,作者: jasd1786 (假橡膠樹),標題: [問卦] 有沒有入圍金曲獎最輕鬆的方法？,時間: Sun Jul  3 01:58:47 2022
推: 9,噓: 0,分數: 9,作者: linda17a3 (),標題: [問卦] 陶瓷內膽保溫杯界的ez100pu是誰？,時間: Sun Jul  3 09:05:59 2022
推: 5,噓: 7,分數: -2,作者: thewtf (濱邊美波我老婆),標題: [問卦] 速食店主管都是大奶配黑色內衣嗎,時間: Sun Jul  3 09:02:01 2022
推: 10,噓: 10,分數: 0,作者: a1e (我上了賊船了囧),標題: Re: [新聞] 故宮國寶最後一位押運人 索予明辭世,時間: Sun Jul  3 00:13:40 2022
推: 4,噓: 0,分數: 4,作者: ketter (挖西林老背),標題: [問卦] 伍佰要改名嗎?,時間: Sun Jul  3 08:31:26 2022
推: 38,噓: 5,分數: 33,作者: Beanoodle (津崎似超人平匡先生),標題: [問卦] 不經思考第一個想到姓蔡的女性是誰？,時間: Sun Jul  3 00:09:28 2022
推: 4,噓: 3,分數: 1,作者: ChuanFunker (八卦版水桶常客),標題: [問卦] 還記得你小時候的志願嗎？,時間: Sun Jul  3 00:35:25 2022
推: 3,噓: 2,分數: 1,作者: darkstar07 (高級大法師),標題: [問卦] 8+9用滅火器幹架要如何使用?,時間: Sun Jul  3 11:10:35 2022
推: 10,噓: 4,分數: 6,作者: Kimmy (Kimi),標題: [問卦] NBA史上最衰球隊是籃網吧,時間: Sun Jul  3 08:05:43 2022
推: 6,噓: 0,分數: 6,作者: kimo6414 (凡人皆有一死),標題: [問卦] 貓會抬頭睡覺嗎,時間: Sat Jul  2 23:09:42 2022
推: 6,噓: 0,分數: 6,作者: whoisanky (ノ・ω・)阿呼(・ω・ヾ),標題: [問卦] 這是什麼蛾？,時間: Sun Jul  3 08:55:12 2022
推: 55,噓: 6,分數: 49,作者: windward007 (風魔法師),標題: [問卦] 你的金曲驚爆點是什麼？,時間: Sun Jul  3 00:14:38 2022
推: 22,噓: 16,分數: 6,作者: purine5566 (漂亮56),標題: [問卦] 其實麥當勞一直以來方針都很正確吧?,時間: Sun Jul  3 01:08:58 2022
推: 398,噓: 135,分數: 263,作者: ispy03532003 (臭酸肥它),標題: Re: [問卦] 金曲獎自甘墮落到快沒靈魂,時間: Sun Jul  3 00:40:23 2022
推: 2,噓: 2,分數: 0,作者: sploo (貓人),標題: [問卦] 圖書館是不是變熱,時間: Sun Jul  3 10:26:41 2022
推: 3,噓: 4,分數: -1,作者: lelena (智慧之神-透特),"標題: [問卦] 大家前兩年賺的,還是屌打今年賠的吧?",時間: Sun Jul  3 10:25:59 2022
推: 10,噓: 3,分數: 7,作者: pilor (Formosa),標題: [問卦] 買重機的好處在哪?,時間: Sun Jul  3 10:43:26 2022
推: 26,噓: 4,分數: 22,作者: Luckmeow (meow),標題: [新聞] 猴痘發作「癢爆劇痛」根本睡不著！他揭崩,時間: Sun Jul  3 10:37:29 2022
推: 0,噓: 0,分數: 0,作者: honkwun (反皮草 拒絕血腥時尚),標題: Re: [新聞] 台積進駐高雄 環團促自帶綠電,時間: Sun Jul  3 11:36:03 2022
推: 6,噓: 0,分數: 6,作者: bigtreelife (Tree),標題: [問卦] 屋奴、孩奴那個苦？,時間: Sun Jul  3 09:51:09 2022
推: 2,噓: 4,分數: -2,作者: FanFan123 (梵梵),標題: [問卦] 還有人在看金曲獎？,時間: Sun Jul  3 01:39:53 2022
推: 2,噓: 4,分數: -2,作者: Ommmmmm5566 (有人責備我們不夠深入),標題: [問卦] 女友演舞台劇被內定刷掉==+,時間: Sun Jul  3 00:02:08 2022
推: 12,噓: 1,分數: 11,作者: asppsa (橘子綠了),標題: [新聞] 高雄連鎖麵包店無預警歇業！顧客付錢訂,時間: Sun Jul  3 08:00:06 2022
推: 5,噓: 1,分數: 4,作者: moai513 (523),標題: [問卦] 不經思考 第一想到漢堡是哪家?,時間: Sun Jul  3 11:42:13 2022
推: 8,噓: 4,分數: 4,作者: qazwsx1029 (含巨大長莖),標題: [問卦] 怎麼停紅燈最安全（認真問卦）,時間: Sun Jul  3 08:08:02 2022
推: 10,噓: 1,分數: 9,作者: z753951zxc (這是ID),標題: [新聞] 苗21線坍了！癌婦送醫受阻不治　南庄神,時間: Sun Jul  3 09:57:39 2022
推: 0,噓: 2,分數: -2,作者: AstrayKnight (牽小白兔看月光的大黑熊),標題: Re: [爆卦] 黃國昌FB,時間: Sun Jul  3 00:40:48 2022
推: 5,噓: 1,分數: 4,作者: SeaForest (~海森林~),標題: [問卦] 有A級黑豬肉的八卦嗎？,時間: Sat Jul  2 23:15:48 2022
推: 6,噓: 2,分數: 4,作者: OPPAISuki (OPPAISuki),標題: [問卦] 金曲粉是沒有網路不會看YT嗎?,時間: Sun Jul  3 00:19:41 2022
推: 26,噓: 6,分數: 20,作者: ckpioneer (風),標題: [新聞] 長髮辣妹打新冠疫苗狂掉髮！「電扇都不,時間: Sun Jul  3 08:07:15 2022
推: 45,噓: 14,分數: 31,作者: syearth (sysearth),標題: [問卦] 金馬 金曲什麼時候變成小眾 取暖的典禮?,時間: Sun Jul  3 09:50:55 2022
推: 21,噓: 12,分數: 9,作者: Sevorlaga (【斯佛拉加】。),標題: [問卦] 台灣中國的定局...為什麼不能用談的 (?),時間: Sun Jul  3 07:58:09 2022
推: 2,噓: 0,分數: 2,作者: kerkerson (高處不勝寒),標題: Re: [問卦] 整形不會自己審查一下結果嗎？,時間: Sun Jul  3 04:01:36 2022
推: 4,噓: 1,分數: 3,作者: k99t (聖誕小雞),標題: [問卦] 有沒有眼睛被矇起來多恐懼的八卦？,時間: Sat Jul  2 23:08:13 2022
推: 3,噓: 1,分數: 2,作者: syearth (sysearth),標題: [新聞] 「弱弱相殘」孫弒癱嬤 思覺失調判3年半,時間: Sun Jul  3 09:35:00 2022
推: 6,噓: 1,分數: 5,作者: saobox (刀劍神域盒盒),標題: [問卦] 緊緊相依的心如何say goodbye?,時間: Sun Jul  3 02:51:58 2022
推: 9,噓: 9,分數: 0,作者: DOOHDLIHC (董事長),標題: [問卦] DCARD為什麼一直在黑國動阿,時間: Sun Jul  3 02:59:22 2022
推: 11,噓: 1,分數: 10,作者: b08297 (),標題: [問卦] 推特上的妹子抖內真的能約嗎,時間: Sun Jul  3 02:47:59 2022
推: 6,噓: 0,分數: 6,作者: Q00863 (阿棋),標題: [問卦] 柯南劇場版其實是城市景點工商巨片？,時間: Sun Jul  3 11:40:08 2022
推: 6,噓: 2,分數: 4,作者: Julian9x9x9 (朱利安999),標題: Re: [問卦] 周杰倫對於明年金曲獎有什麼看法？,時間: Sun Jul  3 03:57:17 2022
推: 13,噓: 16,分數: -3,作者: kukulee (),標題: [新聞] 斯文男友「床上反差」驚呆她　女網友：無,時間: Sun Jul  3 10:43:00 2022
推: 3,噓: 1,分數: 2,作者: iou861007 (中壢金城武),標題: [問卦] 你說決定錯了無所謂？,時間: Sun Jul  3 01:58:39 2022
推: 13,噓: 6,分數: 7,作者: ilovemami (聯主簿一一九兵衛教主),標題: [問卦] 現在的老泰森要是遇到電梯夾89會怎樣,時間: Sun Jul  3 07:40:23 2022
推: 13,噓: 0,分數: 13,作者: lucifa38 (夢中與誰相見),標題: Re: [問卦] 20年前40歲老人看金曲獎的感想是啥,時間: Sat Jul  2 23:10:29 2022
推: 3,噓: 4,分數: -1,作者: Rshstudio (屁孩),標題: [問卦] 大家吃芒果的時候會吃芒果籽嗎,時間: Sat Jul  2 23:56:39 2022
推: 100,噓: 16,分數: 84,作者: kuma525566 (毛怪),標題: [問卦] 完全沒有機車的台灣會是什麼樣子?,時間: Sun Jul  3 09:19:08 2022
推: 4,噓: 0,分數: 4,作者: secret1414 (我願當你的R20),標題: Re: [問卦] 幾歲才開始剪鼻毛啊,時間: Sun Jul  3 00:34:08 2022
推: 3,噓: 5,分數: -2,作者: oz5566 (阿萊克修斯),標題: Re: [問卦] 香港本來就中國的，那當初在撐三小www,時間: Sun Jul  3 10:22:38 2022
推: 9,噓: 0,分數: 9,作者: chun0303 (chun),標題: [新聞] 高捷黃線招標 啟動捷運路網升級  ,時間: Sun Jul  3 10:42:00 2022
推: 7,噓: 0,分數: 7,作者: leepingyo (御前一品帶刀龍侍衛),標題: [新聞] 認球隊不可能贏英超下賽季冠軍　C羅向曼,時間: Sun Jul  3 10:19:10 2022
推: 2,噓: 1,分數: 1,作者: ivorysoap (ivorysoap),標題: [問卦] 抖音應該可以自己辦一個抖音金曲獎吧？,時間: Sun Jul  3 08:57:33 2022
推: 6,噓: 3,分數: 3,作者: metallican (鋼鐵人),標題: [問卦] 下水道有人訂披薩怎麼辦,時間: Sun Jul  3 08:02:11 2022
推: 12,噓: 2,分數: 10,作者: aft7795 (Yang),標題: [問卦] 女友：跟前任只是家人的關係，是什麼意思,時間: Sat Jul  2 23:17:15 2022
推: 6,噓: 2,分數: 4,作者: k44754 (9527),標題: [問卦] 八卦肥肥半夜都會買啥乞丐珍食？？,時間: Sun Jul  3 00:47:40 2022
推: 3,噓: 1,分數: 2,作者: miyukiandmay (小u),標題: [問卦] 蕭亞軒&楊謹華,時間: Sat Jul  2 23:43:14 2022
推: 7,噓: 0,分數: 7,作者: Yenfu35 (廣平君),標題: Re: [新聞] 全家嗨玩環球影城11小時　2歲幼女被獨留,時間: Sat Jul  2 23:56:47 2022
推: 2,噓: 3,分數: -1,作者: kohanchen (kohanchen),標題: [問卦] 肥宅很愛穿女裝有扣分嗎？,時間: Sun Jul  3 00:11:46 2022
推: 10,噓: 7,分數: 3,作者: Usayhiisayha (*＠你說Hi 我說ㄏㄚˋ＠*),標題: [問卦] 所以馬念先跟大淵是有什麼仇？,時間: Sun Jul  3 00:20:53 2022
推: 20,噓: 12,分數: 8,作者: poeta (鍵盤詩人),標題: [新聞] 烏克蘭知名媒體人：台烏該建立關係了！,時間: Sun Jul  3 11:45:26 2022
推: 4,噓: 0,分數: 4,作者: seand8088503 (あいうえお),標題: [問卦] PO股票和虛擬貨幣對帳單的人少很多？,時間: Sun Jul  3 08:47:59 2022
推: 5,噓: 0,分數: 5,作者: s10130804 (台北觀察家),標題: Re: [新聞] 外資大賣台積 專家：可逢低布局,時間: Sun Jul  3 08:36:33 2022
推: 4,噓: 0,分數: 4,作者: assa9647 (洨書童),標題: [問卦] 最頂的鹹豆漿,時間: Sun Jul  3 10:17:10 2022
推: 3,噓: 1,分數: 2,作者: fatalabc (...),標題: Re: [問卦] 金曲獎是專門辦來消滅流行音樂的嗎??,時間: Sun Jul  3 10:52:33 2022
推: 15,噓: 0,分數: 15,作者: sukiya (sukiya),標題: [新聞] 小琉球機車大隊注意了 未戴安全帽1天取締,時間: Sun Jul  3 07:34:49 2022
推: 7,噓: 0,分數: 7,作者: nissan168 (pingGO),標題: [問卦] 中東產油國在悶聲發大財嗎？,時間: Sun Jul  3 08:10:27 2022
推: 2,噓: 0,分數: 2,作者: IslamicState (伊斯蘭國-不亂砍頭),標題: [問卦] 人生消極掰是強哥演自己嗎,時間: Sun Jul  3 01:08:31 2022
推: 18,噓: 2,分數: 16,作者: askemm (K.K.),標題: [新聞] 烏克蘭在盧州的最後大城利西昌斯克已淪陷,時間: Sun Jul  3 11:44:00 2022
推: 15,噓: 3,分數: 12,作者: b33 (Bini the bunny),標題: [新聞] 「顧小孩壓力大」阿嬤跑去樂園玩 日2歲女,時間: Sun Jul  3 11:10:35 2022
推: 0,噓: 0,分數: 0,作者: AV5566 (射即是空),標題: [問卦] 要怎麼說服正妹同事讓我載？,時間: Sun Jul  3 11:54:46 2022
推: 10,噓: 0,分數: 10,作者: tobbaco (tobbaco),標題: Re: [新聞] 不會用藍芽！師大教授千字文控店員態度差,時間: Sun Jul  3 09:01:42 2022
推: 8,噓: 0,分數: 8,作者: k44754 (9527),標題: [新聞] 首例猴痘男最新病況曝！5QA搞懂「高危傳,時間: Sun Jul  3 11:22:12 2022
推: 6,噓: 5,分數: 1,作者: Ximcra ( ),標題: [問卦] 士兵男孩帥到炸怎麼辦,時間: Sun Jul  3 10:06:46 2022
推: 14,噓: 2,分數: 12,作者: monarch0301 (席哈),"標題: Re: [新聞] 退休基金 虧損2,797億",時間: Sun Jul  3 09:27:25 2022
推: 46,噓: 2,分數: 44,作者: aa44 (享受被噓的快感),標題: [新聞] 111年第6梯次志願士兵即日起受理報名,時間: Sun Jul  3 10:23:49 2022
推: 4,噓: 1,分數: 3,作者: justice2008 (    ),標題: [問卦] 強震前 地磁會異常是真的嗎???,時間: Sun Jul  3 07:19:14 2022
推: 13,噓: 1,分數: 12,作者: tamama000 (GrandFatHouse崇皇肥肥),標題: [問卦] 10元的餅乾是能吃膩,時間: Sun Jul  3 07:24:50 2022
推: 3,噓: 0,分數: 3,作者: gg0815 (O0O0O0O0O0O0O0),標題: [問卦] 荔枝有蟲蟲腫抹辦,時間: Sun Jul  3 02:28:38 2022
推: 9,噓: 6,分數: 3,作者: renna038766 (微積分好難過),標題: [問卦] 現在音樂歧視鏈怎麼排？,時間: Sun Jul  3 11:25:35 2022
推: 1,噓: 4,分數: -3,作者: yqhyou (minstrel),標題: [問卦] 南支那為什麼現在不閙分裂獨立？,時間: Sun Jul  3 07:57:07 2022
推: 7,噓: 1,分數: 6,作者: autokey (該起床啦),標題: [問卦] 提不起勁追金曲獎是何心態的八卦?,時間: Sun Jul  3 00:36:28 2022
推: 4,噓: 0,分數: 4,作者: maikez (無敵鐵金剛),標題: [新聞] 雙颱過門不入 吳德榮：周四前防劇烈天氣,時間: Sun Jul  3 07:56:58 2022
推: 0,噓: 4,分數: -4,作者: parkinque (英文老師),標題: Re: [新聞] 跨部會齊推充電樁設置 為電動車普及化鋪,時間: Sat Jul  2 23:36:09 2022
推: 13,噓: 1,分數: 12,作者: iPadProPlus (哀配之神),標題: [問卦] 柯南飛車衝過雙子星有多震撼？,時間: Sun Jul  3 09:40:07 2022
推: 84,噓: 8,分數: 76,作者: ClownT (克朗),標題: [問卦] 9m88這金曲表演可打幾分？,時間: Sat Jul  2 23:13:53 2022
推: 5,噓: 2,分數: 3,作者: GA389434 (GA389434),標題: [問卦] 孤單的時候會想起誰的八卦,時間: Sun Jul  3 01:34:49 2022
推: 0,噓: 0,分數: 0,作者: spirit119 (一二三木頭人),標題: [問卦] 撕裂族群的歌怎麼可以得獎????,時間: Sat Jul  2 23:11:52 2022
推: 9,噓: 1,分數: 8,作者: newwer (Jesse Pinkman),標題: [問卦] 一直說自己母胎單身的女生有啥用意?,時間: Sun Jul  3 01:26:22 2022
推: 0,噓: 2,分數: -2,作者: thelittleone (うそつき),標題: [問卦] 親俄愛烏不可行嗎？,時間: Sun Jul  3 11:46:53 2022
推: 40,噓: 5,分數: 35,作者: sqin (台中動物園輪班工讀生),標題: [問卦] 熊貓圓寶兩歲了 蛋糕好吃嗎?? (發錢),時間: Sun Jul  3 08:33:13 2022
推: 9,噓: 5,分數: 4,作者: gracew0709 (安柏ㄦ),標題: [問卦] 可以給另一半看手機嗎,時間: Sun Jul  3 02:28:42 2022
推: 39,噓: 0,分數: 39,作者: postit (擁有秘密是快樂的事),標題: Re: [問卦] 蕭亞軒的代表作是什麼的卦?,時間: Sat Jul  2 23:50:54 2022
推: 1,噓: 3,分數: -2,作者: xzcb2008 (可愛老娘變態貓貓=.=),標題: Re: [新聞] NASA署長示警 小心中國登月佔領月球,時間: Sun Jul  3 08:57:39 2022
推: 37,噓: 5,分數: 32,作者: AKATSKI ( ),標題: [問卦] 政府在幫防疫旅館賺錢?,時間: Sun Jul  3 10:39:34 2022
推: 9,噓: 4,分數: 5,作者: smallGGgirl (ㄏㄏ),標題: [問卦] 健身房是不是很好賺？,時間: Sun Jul  3 10:22:16 2022
推: 7,噓: 1,分數: 6,作者: nonnon (にゃんぱすー),標題: [問卦] 有沒有越南的喃文的八卦？,時間: Sun Jul  3 00:58:18 2022
推: 3,噓: 3,分數: 0,作者: sodistrues (true),標題: [問卦] 金曲歌王周杰倫作曲超越麥可傑克森？,時間: Sun Jul  3 10:01:46 2022
推: 3,噓: 2,分數: 1,作者: goodbye (我想睡覺),標題: [問卦] 20多年前卡拉雞腿堡的肉吃起來比較好吃?,時間: Sun Jul  3 01:19:21 2022
推: 23,噓: 12,分數: 11,作者: henin2003 (),標題: Re: [問卦] 抄襲歌手有資格得金曲獎嗎？,時間: Sun Jul  3 02:45:49 2022
推: 1,噓: 0,分數: 1,作者: jack97256 (雪芙第一),標題: [問卦] 羅時豐坐在膠囊上面是不是超猛的,時間: Sat Jul  2 23:41:48 2022
推: 7,噓: 0,分數: 7,作者: plutox (網路上的芳鄰),標題: [問卦] 黎明之前只要和你盡情嘻嘻？,時間: Sun Jul  3 02:21:28 2022
推: 5,噓: 0,分數: 5,作者: bluebluelan (鈴谷のあまあま写生管理),標題: Re: [問卦] 欸欸欸騎機車去宜蘭走哪條路好,時間: Sun Jul  3 03:12:37 2022
推: 8,噓: 5,分數: 3,作者: showwin (世界一か? 死か?),標題: [問卦] Line有幾個好友才算邊緣人？,時間: Sun Jul  3 09:13:52 2022
推: 5,噓: 0,分數: 5,作者: srwcc (老馬),標題: [問卦] 為什麼女孩子拍照容易拍到大腿,時間: Sun Jul  3 07:29:20 2022
推: 7,噓: 5,分數: 2,作者: hipmyhop (pttghetto),標題: [問卦] 柬埔寨詐騙集團,時間: Sun Jul  3 01:36:56 2022
推: 4,噓: 2,分數: 2,作者: ZengMaktub (YOYOMAK),標題: [問卦] 上班族住台北一個月能存多少？,時間: Sat Jul  2 23:22:33 2022
推: 5,噓: 8,分數: -3,作者: szeretlek945 (夜夜夜夜),標題: [問卦] Re: [問卦] 金曲獎自甘墮落到快沒靈魂,時間: Sun Jul  3 07:54:02 2022
推: 1,噓: 0,分數: 1,作者: DarkHolbach (垃圾),標題: Re: [問卦] 其實PS5是被遊戲店家自己炒壞的吧?,時間: Sun Jul  3 11:24:33 2022
推: 9,噓: 5,分數: 4,作者: yolosiku (948794狂),標題: [新聞] 最佳女歌手最佳專輯跟年度專輯,時間: Sat Jul  2 23:51:53 2022
推: 3,噓: 3,分數: 0,作者: KasmirLo (科科科~),標題: [問卦] 克倫威爾走錯哪步,時間: Sat Jul  2 23:59:14 2022
推: 13,噓: 3,分數: 10,作者: qphone (老衲柯學家),標題: [問卦] 中國人現在人口數只有10億？,時間: Sun Jul  3 02:14:16 2022
推: 46,噓: 0,分數: 46,作者: kinjk01 (小白),標題: [問卦] 周杰倫的專輯哪一張可以稱為最佳華語專輯,時間: Sun Jul  3 01:56:31 2022
推: 30,噓: 1,分數: 29,作者: deepdish (Keep The Faith),標題: [新聞] 影片｜槓鈴脫手掉下來　健身男「被對折」,時間: Sun Jul  3 03:23:53 2022
推: 10,噓: 1,分數: 9,作者: TUMUASHUN (阿雄),標題: [問卦] 早餐吃鹹豆漿有多爽？,時間: Sun Jul  3 06:31:05 2022
推: 10,噓: 0,分數: 10,作者: jimmy0316 (一吻便顛倒眾生),標題: [問卦] 料理包有甚麼口味好推薦,時間: Sat Jul  2 23:54:59 2022
推: 3,噓: 1,分數: 2,作者: carcino5566 (致癌物5566),標題: Re: [問卦] 茄子蛋怎麼唱出89歌的?,時間: Sun Jul  3 00:23:14 2022
推: 6,噓: 0,分數: 6,作者: BigMacGCB (尊重友善包容),標題: [問卦] 大家最近的YT最常出現甚麼廣告,時間: Sun Jul  3 01:17:59 2022
推: 2,噓: 0,分數: 2,作者: qwaszx012 (天黑黑),標題: [問卦] 這個什麼蕭的頒獎人是誰阿,時間: Sat Jul  2 23:16:18 2022
推: 1,噓: 6,分數: -5,作者: zephyr105 (跳跳),標題: [問卦] 愛情是啥模樣 蛤,時間: Sun Jul  3 04:07:26 2022
推: 1,噓: 1,分數: 0,作者: Dukkha (Anagami),標題: [問卦] 索爾 愛與雷霆 sweet child o’ mine,時間: Sun Jul  3 02:14:15 2022
推: 45,噓: 12,分數: 33,作者: zo6al (我書讀得少 你不要騙我),標題: [問卦] 宜花東的民宿價格比肩飯店是正常的嗎？,時間: Sun Jul  3 05:57:39 2022
推: 11,噓: 0,分數: 11,作者: fox1234 (肥宅叛徒),標題: [問卦] 長得醜宅貌的男生怎麼交女友,時間: Sun Jul  3 01:42:27 2022
推: 6,噓: 0,分數: 6,作者: zzzz8931 (宅男),標題: [問卦] 香港北角是個怎麼樣的地方？,時間: Sun Jul  3 10:26:11 2022
推: 46,噓: 4,分數: 42,作者: merchape (摸卻普),標題: [新聞] 27年沒請過假！公司送他原子筆、杯子 網,時間: Sun Jul  3 10:58:37 2022
推: 106,噓: 10,分數: 96,作者: whiteadam (blue eyes blue),標題: [問卦] 阿辰師是不是滿厲害的?,時間: Sun Jul  3 02:01:46 2022
推: 6,噓: 0,分數: 6,作者: felixr0123 (felixr0123),標題: [問卦] 猴痘跟他的產地會是健身房嗎？,時間: Sun Jul  3 10:59:51 2022
推: 13,噓: 1,分數: 12,作者: zakijudelo (Zack),標題: [問卦] 二姊江蕙的代表作，你會選哪一首歌,時間: Sun Jul  3 10:24:45 2022
推: 14,噓: 0,分數: 14,作者: Hsins (迅雷不及掩耳盜鈴),標題: [問卦] 有幾間厝 用磚仔砌？,時間: Sun Jul  3 01:20:35 2022
推: 2,噓: 2,分數: 0,作者: pulagu (阿杜),標題: [新聞] 習近平「關愛」香港青年 分析：港青對中共,時間: Sun Jul  3 00:41:32 2022
推: 18,噓: 15,分數: 3,作者: assassinASHE (幹古專用帳號),"標題: Re: [問卦] 崔健為什麼拿最佳男歌手,根本沒聽過",時間: Sun Jul  3 03:04:44 2022
推: 19,噓: 1,分數: 18,作者: seabox (呂雅筑),標題: [問卦] 為啥蔡崇信過的比馬雲爽？,時間: Sun Jul  3 01:45:49 2022
推: 1,噓: 0,分數: 1,作者: Kimmy (Kimi),標題: [問卦] 鄉民笑大戶4在笑什麼?,時間: Sun Jul  3 00:05:51 2022
推: 4,噓: 5,分數: -1,作者: pptsuck (whip),標題: [問卦] 請問這是重機仔的新招嗎....？,時間: Sun Jul  3 10:13:07 2022
推: 3,噓: 6,分數: -3,作者: ckpioneer (風),標題: Re: [問卦] 哇靠 文具展的低胸妹也太多,時間: Sun Jul  3 06:08:44 2022
推: 8,噓: 4,分數: 4,作者: wer50888 (逢甲陳柏霖),標題: [問卦] 一款老遊戲,時間: Sun Jul  3 08:49:05 2022
推: 8,噓: 1,分數: 7,作者: dodo52woman (嘟嘟左右衛門),標題: [問卦] 新住民二代被當原住民，心裡怎麼想？,時間: Sun Jul  3 10:14:03 2022
推: 9,噓: 10,分數: -1,作者: jackymars5 ((                )),標題: [問卦] 請問如果這長相能把到妹嗎,時間: Sun Jul  3 07:02:59 2022
推: 6,噓: 6,分數: 0,作者: algebraic (algebraic),標題: [問卦] 深夜的八卦板 是寂寞邊界嗎,時間: Sun Jul  3 01:24:00 2022
推: 7,噓: 0,分數: 7,作者: cutiehoneyzu (McHilo),標題: [問卦] 對電資畢業生考國考國營CP值很低吧,時間: Sun Jul  3 09:05:57 2022
推: 0,噓: 0,分數: 0,作者: op840906 (LOVEISFOURLETTERSWORS),標題: [問卦] 不吃早餐484很健康的事？,時間: Sun Jul  3 11:56:02 2022
推: 0,噓: 0,分數: 0,作者: silver5566 (吟五六),標題: [問卦] 捍衛戰士摔掉的飛機都怎處理？,時間: Sun Jul  3 11:59:55 2022
推: 23,噓: 0,分數: 23,作者: LEDG (雪),標題: [問卦] 林宥嘉娶到丁文琪，是不是賺到,時間: Sun Jul  3 00:05:15 2022
推: 2,噓: 6,分數: -4,作者: neo5277 (I am an agent of chaos),標題: [問卦] 有沒有三年後的後天的卦,時間: Sun Jul  3 04:24:16 2022
推: 3,噓: 0,分數: 3,作者: ilovetaida (TAIDA),標題: [問卦] 台灣有錢人流行拿什麼雙重國籍?,時間: Sun Jul  3 10:49:18 2022
推: 52,噓: 24,分數: 28,作者: nightwing (夏日浮雲),標題: [新聞] 不爽小S具俊曄洗版熱搜 中國小粉紅飆罵：,時間: Sun Jul  3 08:20:39 2022
推: 8,噓: 28,分數: -20,作者: shrink5566 (心理師我難過),標題: [問卦] 頑童的胖子為什麼要搞馬念先,時間: Sat Jul  2 23:45:43 2022
推: 18,噓: 4,分數: 14,作者: peterlin495 (專業果粉O'_'O),標題: [新聞] 台北國際成人展回來了！　D槽女神隔海嬌,時間: Sat Jul  2 23:59:13 2022
推: 0,噓: 0,分數: 0,作者: man790810 (逢甲李鍾碩),標題: Re: [問卦] 台灣國際觀是不是太偏頗了？,時間: Sun Jul  3 11:43:41 2022
推: 5,噓: 1,分數: 4,作者: Rshstudio (屁孩),標題: [問卦] 請問「我錯了」算道歉嗎,時間: Sat Jul  2 23:44:16 2022
推: 13,噓: 7,分數: 6,作者: tudo0430 (可愛いは正義であり！),標題: [問卦] 台灣被網路罷凌最嚴重的人是誰！？,時間: Sat Jul  2 23:41:54 2022
推: 186,噓: 5,分數: 181,作者: TimYu930218 (凱哥),標題: [問卦] 認真問 金曲26歌手是不是歷屆最大咖？(,時間: Sat Jul  2 23:20:33 2022
推: 8,噓: 0,分數: 8,作者: b122771 (躺平的韭菜),標題: [問卦] 內湖工程師的血液比較香嗎？,時間: Sun Jul  3 11:46:18 2022
推: 10,噓: 1,分數: 9,作者: ZengMaktub (YOYOMAK),標題: [問卦] 買手機有人在看CPU效能的嗎,時間: Sun Jul  3 08:55:20 2022
推: 4,噓: 5,分數: -1,作者: sweet79731 (),標題: [問卦] 重機上國道 汽車駕駛人非故意不罰,時間: Sun Jul  3 10:34:07 2022
推: 15,噓: 12,分數: 3,作者: words2012 (づ′・ω・),"標題: [問卦] 帶女友去彰化用膳,是不是很棒!",時間: Sun Jul  3 03:45:13 2022
推: 2,噓: 3,分數: -1,作者: archie403 (李奧納多的老公^Q^),標題: [問卦] 今天怎麼突然出現一堆怪人名==,時間: Sun Jul  3 00:40:38 2022
推: 1,噓: 0,分數: 1,作者: cutenobear (souvenir),標題: [問卦] 領獎致詞,時間: Sat Jul  2 23:10:25 2022
推: 8,噓: 0,分數: 8,作者: LMCgadra (嘎抓),標題: [問卦] 有人沒追金曲的嗎？,時間: Sun Jul  3 00:33:40 2022
推: 65,噓: 18,分數: 47,作者: bluehttp (公鯊小),標題: [新聞] 愛莉莎莎又買房！3年繳完「近8百萬房貸」,時間: Sun Jul  3 09:51:06 2022
推: 1,噓: 1,分數: 0,作者: aivxg (家裡窮西索XD),標題: [問卦] 沒人發現自助餐店員都是阿姨？,時間: Sun Jul  3 10:43:47 2022
推: 0,噓: 0,分數: 0,作者: b777300 (su35s),標題: [問卦] 請問農漁產品借牌銷售，符合國際規範嗎？,時間: Sun Jul  3 11:59:57 2022
推: 5,噓: 0,分數: 5,作者: wahaha23 (請勿拍打餵食),標題: [新聞] 英超》周薪35萬英鎊　薩拉續約利物浦效力,時間: Sat Jul  2 23:26:24 2022
推: 2,噓: 4,分數: -2,作者: ivon852 (內容農場殺手),標題: [爆卦] 10億中國人隱私資料洩漏,時間: Sun Jul  3 02:34:16 2022
推: 5,噓: 2,分數: 3,作者: gk1329 (),標題: Re: [問卦] 發現日本人根本不會害怕停電（圖,時間: Sun Jul  3 10:07:03 2022
推: 65,噓: 12,分數: 53,作者: ae034 (gone with wind),標題: [新聞] 請支援石斑！國防部採購1548公斤　國軍要,時間: Sun Jul  3 11:20:43 2022
推: 6,噓: 1,分數: 5,作者: tw30912 (tw30912),標題: [問卦] 跟著流浪貓就有東西吃？,時間: Sun Jul  3 10:02:27 2022
推: 12,噓: 1,分數: 11,作者: fur (英國研究真有趣),標題: [新聞] 金曲獎爭議｜頑童頒歌王開玩笑遭公幹「,時間: Sun Jul  3 11:22:09 2022
推: 3,噓: 0,分數: 3,作者: frzqp3814396 (愛在高端),標題: [問卦] 少拿餐點要不要回去拿？,時間: Sun Jul  3 01:39:29 2022
推: 27,噓: 0,分數: 27,作者: jasd1786 (假橡膠樹),標題: [問卦] 簽哪一種兵種的志願役可以學到專業？,時間: Sun Jul  3 11:10:21 2022
推: 12,噓: 1,分數: 11,作者: oz5566 (阿萊克修斯),標題: Re: [新聞] 爭取路權！大型重機騎上國道「遍地開花,時間: Sun Jul  3 08:33:04 2022
推: 7,噓: 0,分數: 7,作者: dhvaja (終於懂了),標題: [新聞]重複確診風險愈來愈高 紐約歌手打了補強,時間: Sun Jul  3 11:41:03 2022
推: 14,噓: 2,分數: 12,作者: jimmy0316 (一吻便顛倒眾生),標題: [問卦] 幾歲才開始剪鼻毛啊,時間: Sun Jul  3 00:26:28 2022
推: 5,噓: 2,分數: 3,作者: tsisni (努力步上軌道),標題: [問卦] 手機晶片才50美金,時間: Sat Jul  2 23:46:45 2022
推: 2,噓: 0,分數: 2,作者: hayate232 (CY),標題: Re: [爆卦] 中國搖滾之父崔健獲金曲獎最佳男歌手獎,時間: Sun Jul  3 04:02:17 2022
推: 24,噓: 2,分數: 22,作者: IhateOGC (我討厭),標題: [問卦] 早餐店真的那麼好賺？,時間: Sun Jul  3 05:55:05 2022
推: 46,噓: 17,分數: 29,作者: james7923 (詹姆士Q),標題: [新聞] 高雄版虎媽！4歲童不聽話遭趕下車　趴窗,時間: Sun Jul  3 11:22:17 2022
推: 0,噓: 0,分數: 0,作者: Lineage097 (狐狸壽司),標題: [問卦] 10中快攻要怎麼打回去？,時間: Sun Jul  3 00:14:15 2022
推: 1,噓: 0,分數: 1,作者: lotudi (母湯仁~阿肥震傳~),標題: [問卦]  休假前一晚超不想洗澡？,時間: Sat Jul  2 23:15:43 2022
推: 2,噓: 6,分數: -4,作者: johanLarson (Rent),標題: [問卦] 中國人：這東西咱們祖國也有！,時間: Sun Jul  3 00:35:49 2022
推: 19,噓: 5,分數: 14,作者: chocopie (好吃的巧克力派 :)),標題: [問卦] 師大墜樓 vs 問音響 聲量差好多,時間: Sun Jul  3 10:15:41 2022
推: 9,噓: 1,分數: 8,作者: jokerming847 (God of Mischief),標題: [問卦] 欸！8+9有沒有優點可以說嘴的？,時間: Sun Jul  3 00:25:24 2022
推: 4,噓: 2,分數: 2,作者: gishileh (三結義市xx局長下台!),標題: [問卦] 唱衰自己的人最可怕吧?,時間: Sun Jul  3 10:15:05 2022
推: 8,噓: 0,分數: 8,作者: cj4385283 (Linhi),標題: [問卦] 龍山寺底下搞文創？幹嘛不用成性專區,時間: Sun Jul  3 10:43:59 2022
推: 5,噓: 2,分數: 3,作者: yoga5566 (宥嘉5566),標題: Re: [問卦] 台灣中國的定局...為什麼不能用談的 (?),時間: Sun Jul  3 09:23:22 2022
推: 11,噓: 2,分數: 9,作者: skn60694 (入聲),標題: [新聞] 水田躺著「長歪小西瓜」超神秘！　萌萌身,時間: Sun Jul  3 11:22:26 2022
推: 3,噓: 0,分數: 3,作者: sofaly (沙發椅),標題: Re: [新聞] 好市多衛生紙漲價!會員崩潰 王浩宇驚喊,時間: Sun Jul  3 09:24:00 2022
推: 3,噓: 1,分數: 2,作者: iou861007 (中壢金城武),標題: [問卦] 沒有環景不會開車怎麼辦？,時間: Sun Jul  3 10:13:46 2022
推: 10,噓: 10,分數: 0,作者: man790810 (逢甲李鍾碩),標題: [問卦] 重機為什麼要上國道,時間: Sun Jul  3 10:56:50 2022
推: 76,噓: 18,分數: 58,作者: linda17a3 (),標題: [新聞] 北市百齡橋恐怖車禍 肇事駕駛高速撞2車釀,時間: Sun Jul  3 07:37:21 2022
推: 1,噓: 0,分數: 1,作者: postit (擁有秘密是快樂的事),標題: Re: [新聞] 蘆洲唯一肯德基熄燈...網哭喊：「時代的,時間: Sat Jul  2 23:07:27 2022
推: 14,噓: 4,分數: 10,作者: xuein (脫線烏賊),標題: [新聞] 人妻嬌羞連結老同學！他爽喊：射滿妳　,時間: Sun Jul  3 11:21:20 2022
推: 5,噓: 1,分數: 4,作者: ttn851227 (beyond218),標題: [問卦] 花錢性交+攝影=拍a片,時間: Sat Jul  2 23:12:32 2022
推: 8,噓: 2,分數: 6,作者: ivan1994 (ILanHeungMinSon),標題: [新聞] 超噁阿伯酒精噴鼻孔！正妹店員看傻,時間: Sun Jul  3 11:53:57 2022
推: 17,噓: 7,分數: 10,作者: docose (風華之語),標題: [新聞] 烏克蘭擊退頓巴斯俄軍,時間: Sun Jul  3 10:13:56 2022
推: 14,噓: 2,分數: 12,作者: tavern (我要早點洗澡),標題: [問卦] 蕭亞軒的鼻子怎麼了,時間: Sat Jul  2 23:16:22 2022
推: 4,噓: 4,分數: 0,作者: samlin92303 ( mimic),標題: [問卦] 金曲獎是不是台灣版SJW,時間: Sun Jul  3 10:20:13 2022
推: 9,噓: 2,分數: 7,作者: Hanedas (),標題: [問卦] 又帥又有錢 可是被關過女生還會愛嗎,時間: Sat Jul  2 23:36:56 2022
